<?xml version="1.0" encoding="UTF-8"?>
<!DOCTYPE plist PUBLIC "-//Apple//DTD PLIST 1.0//EN" "http://www.apple.com/DTDs/PropertyList-1.0.dtd">
<plist version="1.0">
<dict>
	<key>BuildMachineOSBuild</key>
	<string>20G165</string>
	<key>CFBundleDevelopmentRegion</key>
	<string>en</string>
	<key>CFBundleExecutable</key>
	<string>phoenixbuilder-ios-executable</string>
	<key>CFBundleIconName</key>
	<string>AppIcon</string>
	<key>CFBundleIcons</key>
	<dict>
		<key>CFBundlePrimaryIcon</key>
		<dict>
			<key>CFBundleIconFiles</key>
			<array>
				<string>AppIcon60x60</string>
			</array>
			<key>CFBundleIconName</key>
			<string>AppIcon</string>
		</dict>
	</dict>
	<key>CFBundleIcons~ipad</key>
	<dict>
		<key>CFBundlePrimaryIcon</key>
		<dict>
			<key>CFBundleIconFiles</key>
			<array>
				<string>AppIcon60x60</string>
				<string>AppIcon76x76</string>
			</array>
			<key>CFBundleIconName</key>
			<string>AppIcon</string>
		</dict>
	</dict>
	<key>CFBundleIdentifier</key>
	<string>pro.fastbuilder.ios</string>
	<key>CFBundleInfoDictionaryVersion</key>
	<string>6.0</string>
	<key>CFBundleName</key>
	<string>PhoenixBuilder</string>
	<key>CFBundlePackageType</key>
	<string>APPL</string>
	<key>CFBundleShortVersionString</key>
	<string>@VERSION@</string>
	<key>CFBundleSignature</key>
	<string>????</string>
	<key>CFBundleSupportedPlatforms</key>
	<array>
		<string>iPhoneOS</string>
	</array>
	<key>CFBundleVersion</key>
	<string>@COMMIT_COUNT@</string>
	<key>DTCompiler</key>
	<string>com.apple.compilers.llvm.clang.1_0</string>
	<key>DTPlatformBuild</key>
	<string>19C51</string>
	<key>DTPlatformName</key>
	<string>iphoneos</string>
	<key>UIBackgroundModes</key>
	<array>
		<string>audio</string>
	</array>
	<key>DTPlatformVersion</key>
	<string>15.2</string>
	<key>DTSDKBuild</key>
	<string>19C51</string>
	<key>DTSDKName</key>
	<string>iphoneos15.2</string>
	<key>DTXcode</key>
	<string>1321</string>
	<key>DTXcodeBuild</key>
	<string>13C100</string>
	<key>LSRequiresIPhoneOS</key>
	<true/>
	<key>MinimumOSVersion</key>
	<string>11.0</string>
	<key>UIDeviceFamily</key>
	<array>
		<integer>1</integer>
		<integer>2</integer>
	</array>
	<key>UILaunchStoryboardName</key>
	<string>LaunchScreen</string>
	<key>UIRequiredDeviceCapabilities</key>
	<array>
		<string>arm64</string>
	</array>
	<key>UIRequiresFullScreen</key>
	<true/>
	<key>UISupportedInterfaceOrientations</key>
	<array>
		<string>UIInterfaceOrientationPortrait</string>
		<string>UIInterfaceOrientationLandscapeLeft</string>
		<string>UIInterfaceOrientationLandscapeRight</string>
	</array>
	<key>UISupportedInterfaceOrientations~ipad</key>
	<array>
		<string>UIInterfaceOrientationPortrait</string>
		<string>UIInterfaceOrientationPortraitUpsideDown</string>
		<string>UIInterfaceOrientationLandscapeLeft</string>
		<string>UIInterfaceOrientationLandscapeRight</string>
	</array>
</dict>
</plist>
